{"cameraMode":{"drawMode":0,"name":"Shaded","section":"Shading Mode"},"sceneLighting":true,"audioPlay":false,"sceneViewState":{"showFog":true,"showMaterialUpdate":false,"showSkybox":true,"showFlares":true,"showImageEffects":true,"showParticleSystems":true},"in2DMode":false,"pivot":{"x":0.09319829940795899,"y":5.6455230712890629,"z":-0.19557952880859376},"rotation":{"x":0.06558399647474289,"y":0.9322609901428223,"z":-0.21662110090255738,"w":0.2822498679161072},"size":14.519851684570313,"orthographic":false}