{"cameraMode":{"drawMode":0,"name":"Shaded","section":"Shading Mode"},"sceneLighting":true,"audioPlay":false,"sceneViewState":{"showFog":true,"showMaterialUpdate":false,"showSkybox":true,"showFlares":true,"showImageEffects":true,"showParticleSystems":true},"in2DMode":false,"pivot":{"x":6.87106466293335,"y":4.396261215209961,"z":5.0601806640625},"rotation":{"x":0.06558399647474289,"y":0.9322609901428223,"z":-0.21662110090255738,"w":0.2822498679161072},"size":14.519851684570313,"orthographic":false}