{"cameraMode":{"drawMode":0,"name":"Shaded","section":"Shading Mode"},"sceneLighting":true,"audioPlay":false,"sceneViewState":{"showFog":true,"showMaterialUpdate":false,"showSkybox":true,"showFlares":true,"showImageEffects":true,"showParticleSystems":true},"in2DMode":false,"pivot":{"x":8.163396835327149,"y":0.6704998016357422,"z":8.121511459350586},"rotation":{"x":0.06558399647474289,"y":0.9322609901428223,"z":-0.21662110090255738,"w":0.2822498679161072},"size":13.789155960083008,"orthographic":false}