{"cameraMode":{"drawMode":0,"name":"Shaded","section":"Shading Mode"},"sceneLighting":true,"audioPlay":false,"sceneViewState":{"showFog":true,"showMaterialUpdate":false,"showSkybox":true,"showFlares":true,"showImageEffects":true,"showParticleSystems":true},"in2DMode":false,"pivot":{"x":1.4324932098388672,"y":4.00477409362793,"z":1.6658878326416016},"rotation":{"x":0.06558399647474289,"y":0.9322609901428223,"z":-0.21662110090255738,"w":0.2822498679161072},"size":11.582596778869629,"orthographic":false}